run,model_type,path,loss,accuracy,f1_score,Cis_reg_f1,Cis_reg_IRES_f1,Cis_reg_frameshift_element_f1,Cis_reg_leader_f1,Cis_reg_riboswitch_f1,Cis_reg_thermoregulator_f1,Cis_reg_precision,Cis_reg_IRES_precision,Cis_reg_frameshift_element_precision,Cis_reg_leader_precision,Cis_reg_riboswitch_precision,Cis_reg_thermoregulator_precision,Cis_reg_recall,Cis_reg_IRES_recall,Cis_reg_frameshift_element_recall,Cis_reg_leader_recall,Cis_reg_riboswitch_recall,Cis_reg_thermoregulator_recall,Cis_reg_support,Cis_reg_IRES_support,Cis_reg_frameshift_element_support,Cis_reg_leader_support,Cis_reg_riboswitch_support,Cis_reg_thermoregulator_support,Gene_f1,Gene_CRISPR_f1,Gene_antisense_f1,Gene_antitoxin_f1,Gene_miRNA_f1,Gene_rRNA_f1,Gene_ribozyme_f1,Gene_sRNA_f1,Gene_snRNA_snoRNA_CD_box_f1,Gene_snRNA_snoRNA_HACA_box_f1,Gene_snRNA_snoRNA_scaRNA_f1,Gene_snRNA_splicing_f1,Gene_tRNA_f1,Gene_lncRNA_f1,Gene_snRNA_f1,Gene_snRNA_snoRNA_f1,Gene_precision,Gene_CRISPR_precision,Gene_antisense_precision,Gene_antitoxin_precision,Gene_miRNA_precision,Gene_rRNA_precision,Gene_ribozyme_precision,Gene_sRNA_precision,Gene_snRNA_snoRNA_CD_box_precision,Gene_snRNA_snoRNA_HACA_box_precision,Gene_snRNA_snoRNA_scaRNA_precision,Gene_snRNA_splicing_precision,Gene_tRNA_precision,Gene_lncRNA_precision,Gene_snRNA_precision,Gene_snRNA_snoRNA_precision,Gene_recall,Gene_CRISPR_recall,Gene_antisense_recall,Gene_antitoxin_recall,Gene_miRNA_recall,Gene_rRNA_recall,Gene_ribozyme_recall,Gene_sRNA_recall,Gene_snRNA_snoRNA_CD_box_recall,Gene_snRNA_snoRNA_HACA_box_recall,Gene_snRNA_snoRNA_scaRNA_recall,Gene_snRNA_splicing_recall,Gene_tRNA_recall,Gene_lncRNA_recall,Gene_snRNA_recall,Gene_snRNA_snoRNA_recall,Gene_support,Gene_CRISPR_support,Gene_antisense_support,Gene_antitoxin_support,Gene_miRNA_support,Gene_rRNA_support,Gene_ribozyme_support,Gene_sRNA_support,Gene_snRNA_snoRNA_CD_box_support,Gene_snRNA_snoRNA_HACA_box_support,Gene_snRNA_snoRNA_scaRNA_support,Gene_snRNA_splicing_support,Gene_tRNA_support,Gene_lncRNA_support,Gene_snRNA_support,Gene_snRNA_snoRNA_support,Intron_f1,Intron_precision,Intron_recall,Intron_support,macro_avg_f1,macro_avg_precision,macro_avg_recall,macro_avg_support,weighted_avg_f1,weighted_avg_precision,weighted_avg_recall,weighted_avg_support,folder,use_nucleotide,use_structure_annotation,use_pseudoknot,use_position_encoding
gat_False_True_True_True_20251211_011332,gat,/Users/elimeyers/ribozyme/results/runs/runs_2nd_split/gat_False_True_True_True_20251211_011332,0.6523,0.7543,0.7531,0.47,0.54,0.59,0.52,0.88,,0.66,0.4,0.45,0.38,0.9,,0.37,0.82,0.87,0.86,0.86,,219.0,17.0,15.0,50.0,302.0,,0.57,0.49,0.85,0.45,0.9,0.94,0.91,0.5,0.86,0.82,0.53,0.75,0.96,,,,0.67,0.32,0.86,0.31,0.87,0.9,0.98,0.58,0.91,0.88,0.43,0.63,0.92,,,,0.49,1.0,0.84,0.85,0.92,0.99,0.84,0.44,0.82,0.77,0.69,0.93,1.0,,,,93.0,19.0,70.0,13.0,364.0,72.0,63.0,266.0,234.0,185.0,26.0,61.0,47.0,,,,0.86,0.79,0.95,98.0,0.7,0.67,0.81,2214.0,0.75,0.78,0.75,2214.0,runs_2nd_split,False,True,True,True
gin_False_True_True_True_20251211_052416,gin,/Users/elimeyers/ribozyme/results/runs/runs_2nd_split/gin_False_True_True_True_20251211_052416,0.291,0.9056,0.9051,0.77,0.81,0.88,0.78,0.98,,0.83,0.68,0.82,0.65,0.98,,0.72,1.0,0.93,0.98,0.98,,219.0,17.0,15.0,50.0,302.0,,0.88,0.77,0.91,0.86,0.97,0.99,0.93,0.79,0.93,0.91,0.77,0.98,1.0,,,,0.94,0.64,0.91,0.8,0.96,0.97,0.92,0.84,0.93,0.92,0.67,0.97,1.0,,,,0.83,0.95,0.9,0.92,0.98,1.0,0.94,0.75,0.94,0.9,0.92,0.98,1.0,,,,93.0,19.0,70.0,13.0,364.0,72.0,63.0,266.0,234.0,185.0,26.0,61.0,47.0,,,,0.98,0.95,1.0,98.0,0.89,0.86,0.93,2214.0,0.91,0.91,0.91,2214.0,runs_2nd_split,False,True,True,True
gat_False_False_True_True_20251211_055746,gat,/Users/elimeyers/ribozyme/results/runs/runs_2nd_split/gat_False_False_True_True_20251211_055746,2.2566,0.3058,0.3104,0.02,0.05,0.0,0.0,0.22,,0.08,0.03,0.0,0.0,0.29,,0.01,0.24,0.0,0.0,0.18,,219.0,17.0,15.0,50.0,302.0,,0.27,0.07,0.41,0.0,0.7,0.24,0.82,0.04,0.44,0.6,0.16,0.13,0.0,,,,0.4,0.04,0.59,0.0,0.77,0.15,0.9,0.27,0.58,0.59,0.14,0.07,0.0,,,,0.2,0.32,0.31,0.0,0.64,0.56,0.75,0.02,0.35,0.61,0.19,0.72,0.0,,,,93.0,19.0,70.0,13.0,364.0,72.0,63.0,266.0,234.0,185.0,26.0,61.0,47.0,,,,0.0,0.0,0.0,98.0,0.22,0.26,0.27,2214.0,0.31,0.39,0.31,2214.0,runs_2nd_split,False,False,True,True
gcn_True_False_True_True_20251211_041554,gcn,/Users/elimeyers/ribozyme/results/runs/runs_2nd_split/gcn_True_False_True_True_20251211_041554,0.6315,0.7462,0.7414,0.42,0.39,0.79,0.58,0.84,,0.69,0.24,0.65,0.45,0.92,,0.3,0.94,1.0,0.82,0.77,,219.0,17.0,15.0,50.0,302.0,,0.54,0.61,0.84,0.46,0.88,0.72,0.94,0.51,0.92,0.82,0.71,0.7,0.89,,,,0.57,0.45,0.85,0.35,0.86,0.57,0.98,0.6,0.98,0.82,0.64,0.55,0.8,,,,0.52,0.95,0.83,0.69,0.91,0.97,0.9,0.44,0.86,0.83,0.81,0.95,1.0,,,,93.0,19.0,70.0,13.0,364.0,72.0,63.0,266.0,234.0,185.0,26.0,61.0,47.0,,,,0.85,0.78,0.94,98.0,0.71,0.67,0.81,2214.0,0.74,0.77,0.75,2214.0,runs_2nd_split,True,False,True,True
gin_True_False_False_False_20251211_061357,gin,/Users/elimeyers/ribozyme/results/runs/runs_2nd_split/gin_True_False_False_False_20251211_061357,0.7317,0.7249,0.716,0.45,0.52,0.68,0.43,0.82,,0.53,0.41,0.52,0.3,0.82,,0.39,0.71,1.0,0.74,0.82,,219.0,17.0,15.0,50.0,302.0,,0.57,0.78,0.83,0.83,0.82,0.93,0.87,0.38,0.91,0.7,0.7,0.87,0.9,,,,0.5,0.67,0.83,0.75,0.84,0.91,0.93,0.64,0.92,0.61,0.8,0.83,0.84,,,,0.66,0.95,0.83,0.92,0.8,0.96,0.83,0.27,0.9,0.82,0.62,0.9,0.98,,,,93.0,19.0,70.0,13.0,364.0,72.0,63.0,266.0,234.0,185.0,26.0,61.0,47.0,,,,0.85,0.77,0.96,98.0,0.73,0.71,0.79,2214.0,0.72,0.74,0.72,2214.0,runs_2nd_split,True,False,False,False
gat_True_False_True_True_20251211_020312,gat,/Users/elimeyers/ribozyme/results/runs/runs_2nd_split/gat_True_False_True_True_20251211_020312,1.2203,0.5619,0.5652,0.22,0.21,0.71,0.35,0.69,,0.37,0.14,0.69,0.63,0.76,,0.16,0.47,0.73,0.24,0.63,,219.0,17.0,15.0,50.0,302.0,,0.33,0.65,0.63,0.45,0.78,0.51,0.85,0.45,0.72,0.53,0.24,0.46,0.44,,,,0.44,0.53,0.56,0.32,0.77,0.34,0.94,0.56,0.91,0.79,0.15,0.35,0.28,,,,0.27,0.84,0.71,0.77,0.78,0.96,0.78,0.37,0.59,0.4,0.58,0.69,1.0,,,,93.0,19.0,70.0,13.0,364.0,72.0,63.0,266.0,234.0,185.0,26.0,61.0,47.0,,,,0.58,0.49,0.7,98.0,0.52,0.53,0.61,2214.0,0.57,0.64,0.56,2214.0,runs_2nd_split,True,False,True,True
gin_True_True_True_True_20251211_042930,gin,/Users/elimeyers/ribozyme/results/runs/runs_2nd_split/gin_True_True_True_True_20251211_042930,0.2835,0.9182,0.9167,0.8,0.88,0.97,0.9,0.98,,0.84,0.93,0.94,0.84,0.97,,0.77,0.82,1.0,0.96,0.99,,219.0,17.0,15.0,50.0,302.0,,0.86,0.95,0.9,0.81,0.97,0.95,0.96,0.79,0.97,0.96,0.88,0.94,0.99,,,,0.85,0.95,0.88,0.79,0.94,0.91,0.98,0.83,0.98,0.95,0.95,0.88,0.98,,,,0.88,0.95,0.91,0.85,0.99,1.0,0.94,0.74,0.95,0.96,0.81,1.0,1.0,,,,93.0,19.0,70.0,13.0,364.0,72.0,63.0,266.0,234.0,185.0,26.0,61.0,47.0,,,,0.95,0.91,0.99,98.0,0.91,0.91,0.92,2214.0,0.92,0.92,0.92,2214.0,runs_2nd_split,True,True,True,True
gin_True_False_True_False_20251211_003438,gin,/Users/elimeyers/ribozyme/results/runs/runs_2nd_split/gin_True_False_True_False_20251211_003438,0.7572,0.7561,0.7563,0.48,0.46,0.75,0.52,0.87,,0.55,0.34,0.71,0.37,0.89,,0.43,0.71,0.8,0.84,0.85,,219.0,17.0,15.0,50.0,302.0,,0.65,0.69,0.89,0.62,0.84,0.96,0.91,0.51,0.91,0.74,0.72,0.79,0.9,,,,0.78,0.55,0.94,0.53,0.87,0.96,0.95,0.58,0.95,0.64,0.66,0.69,0.81,,,,0.55,0.95,0.84,0.77,0.82,0.96,0.87,0.45,0.87,0.88,0.81,0.92,1.0,,,,93.0,19.0,70.0,13.0,364.0,72.0,63.0,266.0,234.0,185.0,26.0,61.0,47.0,,,,0.91,0.97,0.87,98.0,0.74,0.72,0.8,2214.0,0.76,0.77,0.76,2214.0,runs_2nd_split,True,False,True,False
gat_False_True_False_True_20251211_044728,gat,/Users/elimeyers/ribozyme/results/runs/runs_2nd_split/gat_False_True_False_True_20251211_044728,0.7345,0.7493,0.7478,0.48,0.33,0.48,0.57,0.88,,0.6,0.2,0.33,0.43,0.9,,0.4,0.94,0.93,0.84,0.85,,219.0,17.0,15.0,50.0,302.0,,0.52,0.56,0.84,0.63,0.91,0.97,0.83,0.45,0.87,0.81,0.56,0.78,0.99,,,,0.54,0.42,0.83,0.48,0.89,0.95,0.81,0.6,0.88,0.85,0.52,0.67,0.98,,,,0.49,0.84,0.84,0.92,0.92,0.99,0.86,0.36,0.86,0.77,0.62,0.92,1.0,,,,93.0,19.0,70.0,13.0,364.0,72.0,63.0,266.0,234.0,185.0,26.0,61.0,47.0,,,,0.88,0.82,0.95,98.0,0.7,0.67,0.81,2214.0,0.75,0.77,0.75,2214.0,runs_2nd_split,False,True,False,True
gin_False_True_True_False_20251211_054245,gin,/Users/elimeyers/ribozyme/results/runs/runs_2nd_split/gin_False_True_True_False_20251211_054245,0.501,0.8085,0.8076,0.61,0.69,0.62,0.63,0.92,,0.71,0.53,0.47,0.49,0.94,,0.54,1.0,0.93,0.86,0.91,,219.0,17.0,15.0,50.0,302.0,,0.6,0.74,0.84,0.59,0.92,0.99,0.92,0.59,0.88,0.83,0.62,0.8,1.0,,,,0.54,0.63,0.81,0.46,0.92,0.99,0.96,0.71,0.93,0.77,0.53,0.71,1.0,,,,0.67,0.89,0.87,0.85,0.92,1.0,0.87,0.5,0.82,0.89,0.77,0.92,1.0,,,,93.0,19.0,70.0,13.0,364.0,72.0,63.0,266.0,234.0,185.0,26.0,61.0,47.0,,,,0.96,0.94,0.98,98.0,0.78,0.74,0.85,2214.0,0.81,0.82,0.81,2214.0,runs_2nd_split,False,True,True,False
gcn_False_True_True_False_20251211_025220,gcn,/Users/elimeyers/ribozyme/results/runs/runs_2nd_split/gcn_False_True_True_False_20251211_025220,0.7681,0.7145,0.7124,0.38,0.37,0.46,0.5,0.85,,0.66,0.23,0.3,0.39,0.85,,0.27,0.88,0.93,0.68,0.84,,219.0,17.0,15.0,50.0,302.0,,0.45,0.58,0.76,0.42,0.92,0.96,0.92,0.46,0.83,0.73,0.35,0.57,0.97,,,,0.43,0.42,0.7,0.28,0.9,0.95,0.96,0.67,0.89,0.82,0.24,0.43,0.94,,,,0.47,0.95,0.83,0.85,0.94,0.97,0.87,0.35,0.79,0.66,0.62,0.85,1.0,,,,93.0,19.0,70.0,13.0,364.0,72.0,63.0,266.0,234.0,185.0,26.0,61.0,47.0,,,,0.88,0.81,0.96,98.0,0.65,0.62,0.77,2214.0,0.71,0.76,0.71,2214.0,runs_2nd_split,False,True,True,False
gat_20251209_232100,gat,/Users/elimeyers/ribozyme/results/runs/gat_20251209_232100,1.256,0.7211,0.7067,0.41,0.51,0.7,0.51,0.82,0.46,0.6,0.45,0.56,0.43,0.89,0.3,0.32,0.59,0.93,0.64,0.76,1.0,219.0,17.0,15.0,50.0,302.0,6.0,0.51,0.51,0.83,0.52,0.88,0.87,0.92,0.33,0.88,0.77,0.52,0.63,0.9,0.33,0.62,0.0,0.48,0.34,0.76,0.36,0.8,0.79,0.95,0.57,0.94,0.79,0.38,0.5,0.81,0.2,0.44,0.0,0.54,1.0,0.93,0.92,0.98,0.97,0.89,0.23,0.83,0.75,0.85,0.87,1.0,1.0,1.0,0.0,93.0,19.0,70.0,13.0,364.0,72.0,63.0,266.0,234.0,185.0,26.0,61.0,47.0,2.0,4.0,1.0,0.93,0.9,0.96,98.0,0.62,0.58,0.78,2227.0,0.71,0.74,0.72,2227.0,,,,,
gin_True_True_False_False_20251211_011851,gin,/Users/elimeyers/ribozyme/results/runs/runs_2nd_split/gin_True_True_False_False_20251211_011851,0.3649,0.8767,0.8752,0.74,0.82,0.86,0.75,0.94,,0.81,0.73,0.75,0.64,0.92,,0.69,0.94,1.0,0.9,0.96,,219.0,17.0,15.0,50.0,302.0,,0.73,0.88,0.92,0.69,0.95,0.98,0.96,0.68,0.95,0.91,0.84,0.93,1.0,,,,0.71,0.79,0.94,0.55,0.95,0.96,1.0,0.74,0.98,0.88,0.79,0.88,1.0,,,,0.75,1.0,0.9,0.92,0.96,1.0,0.92,0.64,0.91,0.94,0.88,0.98,1.0,,,,93.0,19.0,70.0,13.0,364.0,72.0,63.0,266.0,234.0,185.0,26.0,61.0,47.0,,,,0.96,0.93,0.98,98.0,0.87,0.84,0.91,2214.0,0.88,0.88,0.88,2214.0,runs_2nd_split,True,True,False,False
gat_True_True_False_False_20251211_033254,gat,/Users/elimeyers/ribozyme/results/runs/runs_2nd_split/gat_True_True_False_False_20251211_033254,0.6637,0.7633,0.7557,0.55,0.67,0.56,0.57,0.86,,0.56,0.56,0.38,0.51,0.89,,0.54,0.82,1.0,0.64,0.83,,219.0,17.0,15.0,50.0,302.0,,0.5,0.78,0.82,0.65,0.89,0.92,0.83,0.51,0.89,0.78,0.61,0.69,0.97,,,,0.62,0.63,0.83,0.5,0.85,0.88,0.8,0.74,0.91,0.79,0.48,0.58,0.94,,,,0.42,1.0,0.81,0.92,0.95,0.97,0.87,0.39,0.87,0.77,0.85,0.85,1.0,,,,93.0,19.0,70.0,13.0,364.0,72.0,63.0,266.0,234.0,185.0,26.0,61.0,47.0,,,,0.85,0.76,0.96,98.0,0.73,0.69,0.81,2214.0,0.76,0.77,0.76,2214.0,runs_2nd_split,True,True,False,False
gcn_False_False_True_False_20251211_022855,gcn,/Users/elimeyers/ribozyme/results/runs/runs_2nd_split/gcn_False_False_True_False_20251211_022855,2.7397,0.2042,0.0957,0.0,0.0,0.27,0.0,0.14,,0.0,0.0,0.21,0.0,0.96,,0.0,0.0,0.4,0.0,0.07,,219.0,17.0,15.0,50.0,302.0,,0.04,0.0,0.0,0.0,0.3,0.2,0.62,0.0,0.0,0.0,0.0,0.0,0.0,,,,0.5,0.0,0.0,0.0,0.18,1.0,0.51,0.0,0.0,0.0,0.0,0.0,0.0,,,,0.02,0.0,0.0,0.0,1.0,0.11,0.79,0.0,0.0,0.0,0.0,0.0,0.0,,,,93.0,19.0,70.0,13.0,364.0,72.0,63.0,266.0,234.0,185.0,26.0,61.0,47.0,,,,0.0,0.0,0.0,98.0,0.08,0.18,0.13,2214.0,0.1,0.23,0.2,2214.0,runs_2nd_split,False,False,True,False
gin_True_False_False_False_20251211_134349,gin,/Users/elimeyers/ribozyme/results/runs/gnn_seq_baseline/gin_seq_only_20251211_134349/gin_True_False_False_False_20251211_134349,1.1021,0.5565,0.5442,0.3,0.47,0.51,0.35,0.57,,0.42,0.37,0.42,0.25,0.55,,0.23,0.65,0.67,0.56,0.59,,219.0,17.0,15.0,50.0,302.0,,0.47,0.72,0.67,0.43,0.58,0.88,0.73,0.29,0.78,0.57,0.5,0.54,0.53,,,,0.43,0.61,0.55,0.29,0.75,0.85,0.85,0.5,0.78,0.62,0.33,0.39,0.38,,,,0.53,0.89,0.86,0.77,0.47,0.92,0.63,0.2,0.79,0.53,0.96,0.85,0.89,,,,93.0,19.0,70.0,13.0,364.0,72.0,63.0,266.0,234.0,185.0,26.0,61.0,47.0,,,,0.71,0.6,0.89,98.0,0.56,0.52,0.68,2214.0,0.54,0.59,0.56,2214.0,gnn_seq_baseline/gin_seq_only_20251211_134349,True,False,False,False
gcn_True_False_False_True_20251211_035401,gcn,/Users/elimeyers/ribozyme/results/runs/runs_2nd_split/gcn_True_False_False_True_20251211_035401,0.6817,0.7611,0.7516,0.41,0.34,0.93,0.55,0.86,,0.64,0.22,0.93,0.44,0.87,,0.3,0.76,0.93,0.76,0.85,,219.0,17.0,15.0,50.0,302.0,,0.52,0.78,0.82,0.61,0.91,0.81,0.85,0.51,0.93,0.81,0.63,0.78,0.93,,,,0.5,0.67,0.83,0.5,0.87,0.69,0.82,0.65,0.97,0.82,0.54,0.66,0.87,,,,0.54,0.95,0.81,0.77,0.95,0.99,0.89,0.42,0.9,0.81,0.77,0.93,1.0,,,,93.0,19.0,70.0,13.0,364.0,72.0,63.0,266.0,234.0,185.0,26.0,61.0,47.0,,,,0.85,0.78,0.94,98.0,0.73,0.7,0.8,2214.0,0.75,0.77,0.76,2214.0,runs_2nd_split,True,False,False,True
gat_False_True_True_False_20251211_003438,gat,/Users/elimeyers/ribozyme/results/runs/runs_2nd_split/gat_False_True_True_False_20251211_003438,0.8089,0.7073,0.6997,0.33,0.38,0.43,0.46,0.85,,0.48,0.26,0.29,0.38,0.9,,0.25,0.71,0.87,0.6,0.79,,219.0,17.0,15.0,50.0,302.0,,0.4,0.5,0.75,0.44,0.91,0.93,0.88,0.43,0.87,0.72,0.38,0.64,0.94,,,,0.42,0.34,0.7,0.3,0.86,0.91,0.9,0.61,0.88,0.77,0.3,0.5,0.89,,,,0.39,0.95,0.81,0.85,0.97,0.96,0.86,0.33,0.86,0.68,0.54,0.87,1.0,,,,93.0,19.0,70.0,13.0,364.0,72.0,63.0,266.0,234.0,185.0,26.0,61.0,47.0,,,,0.85,0.78,0.92,98.0,0.64,0.6,0.75,2214.0,0.7,0.72,0.71,2214.0,runs_2nd_split,False,True,True,False
gcn_True_True_True_False_20251211_045910,gcn,/Users/elimeyers/ribozyme/results/runs/runs_2nd_split/gcn_True_True_True_False_20251211_045910,0.5523,0.794,0.79,0.6,0.62,0.71,0.59,0.89,,0.74,0.5,0.56,0.46,0.92,,0.51,0.82,1.0,0.82,0.87,,219.0,17.0,15.0,50.0,302.0,,0.61,0.9,0.77,0.46,0.92,0.89,0.93,0.55,0.88,0.84,0.62,0.73,1.0,,,,0.62,0.83,0.68,0.31,0.89,0.81,0.97,0.72,0.94,0.84,0.53,0.6,1.0,,,,0.6,1.0,0.9,0.85,0.96,0.99,0.9,0.45,0.83,0.84,0.77,0.92,1.0,,,,93.0,19.0,70.0,13.0,364.0,72.0,63.0,266.0,234.0,185.0,26.0,61.0,47.0,,,,0.88,0.81,0.98,98.0,0.76,0.72,0.84,2214.0,0.79,0.81,0.79,2214.0,runs_2nd_split,True,True,True,False
gat_True_True_True_True_20251211_062128,gat,/Users/elimeyers/ribozyme/results/runs/runs_2nd_split/gat_True_True_True_True_20251211_062128,0.525,0.8076,0.8034,0.57,0.76,0.75,0.61,0.9,,0.71,0.64,0.6,0.47,0.91,,0.48,0.94,1.0,0.86,0.88,,219.0,17.0,15.0,50.0,302.0,,0.59,0.59,0.91,0.8,0.9,0.98,0.91,0.63,0.87,0.87,0.62,0.81,0.96,,,,0.69,0.43,0.95,0.71,0.87,0.97,0.95,0.71,0.86,0.88,0.51,0.71,0.92,,,,0.52,0.95,0.87,0.92,0.93,0.99,0.87,0.56,0.89,0.86,0.77,0.95,1.0,,,,93.0,19.0,70.0,13.0,364.0,72.0,63.0,266.0,234.0,185.0,26.0,61.0,47.0,,,,0.91,0.86,0.97,98.0,0.79,0.75,0.85,2214.0,0.8,0.81,0.81,2214.0,runs_2nd_split,True,True,True,True
gcn_True_True_False_False_20251211_061247,gcn,/Users/elimeyers/ribozyme/results/runs/runs_2nd_split/gcn_True_True_False_False_20251211_061247,0.5936,0.7742,0.7694,0.56,0.62,0.77,0.58,0.86,,0.68,0.5,0.62,0.46,0.9,,0.48,0.82,1.0,0.78,0.83,,219.0,17.0,15.0,50.0,302.0,,0.55,0.79,0.77,0.51,0.91,0.9,0.87,0.5,0.88,0.81,0.59,0.76,1.0,,,,0.51,0.66,0.68,0.37,0.9,0.84,0.87,0.67,0.95,0.76,0.47,0.63,1.0,,,,0.59,1.0,0.89,0.85,0.91,0.99,0.87,0.4,0.82,0.88,0.81,0.97,1.0,,,,93.0,19.0,70.0,13.0,364.0,72.0,63.0,266.0,234.0,185.0,26.0,61.0,47.0,,,,0.95,0.91,0.98,98.0,0.75,0.7,0.84,2214.0,0.77,0.79,0.77,2214.0,runs_2nd_split,True,True,False,False
gcn_True_True_True_True_20251211_020203,gcn,/Users/elimeyers/ribozyme/results/runs/runs_2nd_split/gcn_True_True_True_True_20251211_020203,0.3823,0.8573,0.8538,0.69,0.76,0.91,0.65,0.95,,0.73,0.61,0.83,0.52,0.94,,0.64,1.0,1.0,0.86,0.96,,219.0,17.0,15.0,50.0,302.0,,0.69,0.85,0.88,0.73,0.93,0.95,0.96,0.66,0.94,0.9,0.83,0.91,1.0,,,,0.7,0.81,0.85,0.6,0.9,0.92,1.0,0.8,0.94,0.87,0.95,0.92,1.0,,,,0.67,0.89,0.91,0.92,0.96,0.99,0.92,0.57,0.93,0.95,0.73,0.9,1.0,,,,93.0,19.0,70.0,13.0,364.0,72.0,63.0,266.0,234.0,185.0,26.0,61.0,47.0,,,,0.91,0.86,0.98,98.0,0.85,0.83,0.88,2214.0,0.85,0.86,0.86,2214.0,runs_2nd_split,True,True,True,True
gcn_True_False_True_False_20251211_051634,gcn,/Users/elimeyers/ribozyme/results/runs/runs_2nd_split/gcn_True_False_True_False_20251211_051634,1.0478,0.5754,0.5756,0.25,0.14,0.74,0.34,0.73,,0.75,0.08,0.61,0.26,0.8,,0.15,0.65,0.93,0.5,0.67,,219.0,17.0,15.0,50.0,302.0,,0.25,0.82,0.72,0.29,0.73,0.56,0.79,0.34,0.87,0.43,0.34,0.53,0.87,,,,0.27,0.8,0.69,0.2,0.81,0.4,0.75,0.52,0.91,0.47,0.24,0.37,0.77,,,,0.24,0.84,0.74,0.54,0.66,0.97,0.84,0.25,0.84,0.39,0.62,0.95,1.0,,,,93.0,19.0,70.0,13.0,364.0,72.0,63.0,266.0,234.0,185.0,26.0,61.0,47.0,,,,0.65,0.59,0.71,98.0,0.55,0.54,0.66,2214.0,0.58,0.66,0.58,2214.0,runs_2nd_split,True,False,True,False
gin_False_True_False_True_20251211_040910,gin,/Users/elimeyers/ribozyme/results/runs/runs_2nd_split/gin_False_True_False_True_20251211_040910,0.2653,0.8966,0.8946,0.71,0.89,0.83,0.75,0.97,,0.84,0.81,0.71,0.64,0.97,,0.61,1.0,1.0,0.92,0.97,,219.0,17.0,15.0,50.0,302.0,,0.84,0.76,0.9,0.86,0.96,0.98,0.94,0.78,0.94,0.94,0.85,0.98,1.0,,,,0.82,0.65,0.88,0.8,0.94,0.96,0.94,0.79,0.94,0.95,0.76,0.95,1.0,,,,0.86,0.89,0.93,0.92,0.97,1.0,0.94,0.76,0.94,0.93,0.96,1.0,1.0,,,,93.0,19.0,70.0,13.0,364.0,72.0,63.0,266.0,234.0,185.0,26.0,61.0,47.0,,,,0.97,0.96,0.99,98.0,0.89,0.86,0.93,2214.0,0.89,0.9,0.9,2214.0,runs_2nd_split,False,True,False,True
gin_False_True_False_False_20251211_050155,gin,/Users/elimeyers/ribozyme/results/runs/runs_2nd_split/gin_False_True_False_False_20251211_050155,0.5013,0.8035,0.8032,0.63,0.73,0.67,0.62,0.94,,0.67,0.59,0.52,0.47,0.95,,0.61,0.94,0.93,0.88,0.92,,219.0,17.0,15.0,50.0,302.0,,0.62,0.77,0.87,0.62,0.92,0.97,0.89,0.53,0.88,0.81,0.57,0.77,0.99,,,,0.59,0.64,0.91,0.46,0.93,0.94,0.92,0.66,0.92,0.86,0.43,0.65,0.98,,,,0.66,0.95,0.83,0.92,0.91,1.0,0.87,0.45,0.85,0.77,0.88,0.95,1.0,,,,93.0,19.0,70.0,13.0,364.0,72.0,63.0,266.0,234.0,185.0,26.0,61.0,47.0,,,,0.95,0.91,0.98,98.0,0.78,0.74,0.86,2214.0,0.8,0.82,0.8,2214.0,runs_2nd_split,False,True,False,False
gcn_False_True_False_False_20251211_011412,gcn,/Users/elimeyers/ribozyme/results/runs/runs_2nd_split/gcn_False_True_False_False_20251211_011412,0.7673,0.701,0.695,0.36,0.38,0.51,0.5,0.84,,0.58,0.24,0.35,0.4,0.85,,0.26,0.88,0.93,0.66,0.83,,219.0,17.0,15.0,50.0,302.0,,0.53,0.58,0.74,0.35,0.9,0.95,0.85,0.39,0.84,0.67,0.34,0.57,0.97,,,,0.53,0.41,0.67,0.23,0.87,0.92,0.82,0.63,0.92,0.84,0.23,0.41,0.94,,,,0.53,1.0,0.83,0.77,0.95,0.99,0.87,0.29,0.77,0.56,0.69,0.95,1.0,,,,93.0,19.0,70.0,13.0,364.0,72.0,63.0,266.0,234.0,185.0,26.0,61.0,47.0,,,,0.88,0.81,0.97,98.0,0.64,0.61,0.77,2214.0,0.69,0.74,0.7,2214.0,runs_2nd_split,False,True,False,False
gin_True_True_True_True_20251210_184823,gin,/Users/elimeyers/ribozyme/results/runs/gin_True_True_True_True_20251210_184823,0.222,0.9264,0.9254,0.82,0.8,0.85,0.87,0.97,,0.87,0.7,0.78,0.81,0.96,,0.77,0.94,0.93,0.94,0.99,,219.0,17.0,15.0,50.0,302.0,,0.84,0.88,0.95,0.93,0.97,0.99,0.95,0.82,0.96,0.95,1.0,0.99,0.99,,,,0.88,0.79,0.93,0.87,0.97,0.99,0.93,0.85,0.98,0.93,1.0,0.98,0.98,,,,0.81,1.0,0.97,1.0,0.98,1.0,0.98,0.8,0.94,0.97,1.0,1.0,1.0,,,,93.0,19.0,70.0,13.0,364.0,72.0,63.0,266.0,234.0,185.0,26.0,61.0,47.0,,,,0.97,0.94,1.0,98.0,0.92,0.9,0.95,2214.0,0.93,0.93,0.93,2214.0,,True,True,True,True
gcn_True_False_False_False_20251211_130853,gcn,/Users/elimeyers/ribozyme/results/runs/gnn_seq_baseline/gcn_seq_only_20251211_130853/gcn_True_False_False_False_20251211_130853,1.471,0.4598,0.4509,0.2,0.2,0.44,0.24,0.48,,0.33,0.13,0.35,0.2,0.52,,0.15,0.47,0.6,0.32,0.44,,219.0,17.0,15.0,50.0,302.0,,0.3,0.46,0.52,0.53,0.52,0.72,0.54,0.24,0.71,0.46,0.36,0.33,0.54,,,,0.42,0.31,0.38,0.43,0.61,0.69,0.57,0.54,0.76,0.45,0.22,0.22,0.41,,,,0.24,0.89,0.8,0.69,0.46,0.75,0.51,0.16,0.67,0.46,0.88,0.69,0.81,,,,93.0,19.0,70.0,13.0,364.0,72.0,63.0,266.0,234.0,185.0,26.0,61.0,47.0,,,,0.64,0.53,0.8,98.0,0.44,0.42,0.57,2214.0,0.45,0.51,0.46,2214.0,gnn_seq_baseline/gcn_seq_only_20251211_130853,True,False,False,False
gcn_False_True_False_True_20251211_014928,gcn,/Users/elimeyers/ribozyme/results/runs/runs_2nd_split/gcn_False_True_False_True_20251211_014928,0.5168,0.7877,0.7803,0.44,0.56,0.62,0.52,0.92,,0.64,0.41,0.47,0.37,0.91,,0.34,0.88,0.93,0.86,0.93,,219.0,17.0,15.0,50.0,302.0,,0.65,0.61,0.83,0.47,0.93,0.96,0.89,0.5,0.91,0.86,0.65,0.86,1.0,,,,0.58,0.45,0.77,0.32,0.91,0.95,0.92,0.7,0.94,0.9,0.54,0.77,1.0,,,,0.74,0.95,0.9,0.92,0.96,0.97,0.86,0.39,0.88,0.82,0.81,0.98,1.0,,,,93.0,19.0,70.0,13.0,364.0,72.0,63.0,266.0,234.0,185.0,26.0,61.0,47.0,,,,0.9,0.83,0.97,98.0,0.74,0.7,0.85,2214.0,0.78,0.81,0.79,2214.0,runs_2nd_split,False,True,False,True
gcn_False_True_True_True_20251211_031016,gcn,/Users/elimeyers/ribozyme/results/runs/runs_2nd_split/gcn_False_True_True_True_20251211_031016,0.5007,0.7981,0.7941,0.55,0.64,0.59,0.66,0.92,,0.79,0.48,0.45,0.52,0.91,,0.42,0.94,0.87,0.88,0.92,,219.0,17.0,15.0,50.0,302.0,,0.63,0.73,0.8,0.5,0.92,0.95,0.92,0.58,0.9,0.79,0.52,0.85,0.99,,,,0.61,0.6,0.73,0.35,0.89,0.92,0.93,0.68,0.92,0.9,0.37,0.74,0.98,,,,0.66,0.95,0.87,0.85,0.95,0.99,0.9,0.51,0.88,0.71,0.88,0.98,1.0,,,,93.0,19.0,70.0,13.0,364.0,72.0,63.0,266.0,234.0,185.0,26.0,61.0,47.0,,,,0.9,0.83,0.97,98.0,0.75,0.72,0.85,2214.0,0.79,0.82,0.8,2214.0,runs_2nd_split,False,True,True,True
gat_True_False_False_False_20251211_015358,gat,/Users/elimeyers/ribozyme/results/runs/runs_2nd_split/gat_True_False_False_False_20251211_015358,2.1022,0.3383,0.3193,0.1,0.22,0.24,0.18,0.22,,0.19,0.18,0.14,0.33,0.47,,0.06,0.29,0.67,0.12,0.15,,219.0,17.0,15.0,50.0,302.0,,0.09,0.35,0.4,0.3,0.52,0.17,0.33,0.16,0.74,0.28,0.07,0.17,0.23,,,,0.24,0.23,0.32,0.25,0.44,0.16,0.22,0.73,0.9,0.31,0.05,0.15,0.14,,,,0.05,0.79,0.54,0.38,0.65,0.18,0.68,0.09,0.63,0.25,0.19,0.18,0.7,,,,93.0,19.0,70.0,13.0,364.0,72.0,63.0,266.0,234.0,185.0,26.0,61.0,47.0,,,,0.42,0.38,0.48,98.0,0.27,0.31,0.37,2214.0,0.32,0.43,0.34,2214.0,runs_2nd_split,True,False,False,False
gin_False_False_False_True_20251211_030108,gin,/Users/elimeyers/ribozyme/results/runs/runs_2nd_split/gin_False_False_False_True_20251211_030108,0.5366,0.7787,0.7748,0.48,0.59,0.57,0.62,0.9,,0.72,0.41,0.42,0.46,0.9,,0.36,1.0,0.87,0.94,0.9,,219.0,17.0,15.0,50.0,302.0,,0.62,0.72,0.84,0.51,0.92,0.98,0.88,0.51,0.91,0.79,0.49,0.77,0.99,,,,0.56,0.56,0.81,0.35,0.91,1.0,0.86,0.62,0.93,0.91,0.35,0.63,0.98,,,,0.7,1.0,0.87,0.92,0.94,0.96,0.89,0.44,0.89,0.7,0.85,0.97,1.0,,,,93.0,19.0,70.0,13.0,364.0,72.0,63.0,266.0,234.0,185.0,26.0,61.0,47.0,,,,0.91,0.88,0.95,98.0,0.74,0.7,0.85,2214.0,0.77,0.8,0.78,2214.0,runs_2nd_split,False,False,False,True
gcn_False_False_True_True_20251211_003439,gcn,/Users/elimeyers/ribozyme/results/runs/runs_2nd_split/gcn_False_False_True_True_20251211_003439,1.3377,0.5908,0.5847,0.22,0.18,0.45,0.32,0.65,,0.46,0.12,0.32,0.21,0.76,,0.15,0.29,0.73,0.68,0.57,,219.0,17.0,15.0,50.0,302.0,,0.47,0.23,0.65,0.2,0.83,0.79,0.83,0.19,0.77,0.73,0.34,0.44,0.98,,,,0.5,0.13,0.58,0.12,0.83,0.71,0.88,0.55,0.79,0.78,0.25,0.31,0.98,,,,0.45,0.74,0.76,0.54,0.82,0.89,0.79,0.12,0.76,0.69,0.54,0.75,0.98,,,,93.0,19.0,70.0,13.0,364.0,72.0,63.0,266.0,234.0,185.0,26.0,61.0,47.0,,,,0.67,0.56,0.84,98.0,0.52,0.52,0.64,2214.0,0.58,0.66,0.59,2214.0,runs_2nd_split,False,False,True,True
gat_True_False_True_False_20251211_024921,gat,/Users/elimeyers/ribozyme/results/runs/runs_2nd_split/gat_True_False_True_False_20251211_024921,2.0019,0.3749,0.3599,0.19,0.16,0.56,0.16,0.31,,0.33,0.12,0.46,0.18,0.62,,0.13,0.24,0.73,0.14,0.21,,219.0,17.0,15.0,50.0,302.0,,0.1,0.33,0.44,0.06,0.56,0.33,0.58,0.19,0.73,0.25,0.11,0.16,0.26,,,,0.23,0.23,0.38,0.04,0.46,0.26,0.48,0.67,0.87,0.32,0.07,0.15,0.16,,,,0.06,0.58,0.54,0.08,0.7,0.49,0.73,0.11,0.63,0.2,0.38,0.18,0.72,,,,93.0,19.0,70.0,13.0,364.0,72.0,63.0,266.0,234.0,185.0,26.0,61.0,47.0,,,,0.41,0.32,0.57,98.0,0.31,0.33,0.39,2214.0,0.36,0.47,0.37,2214.0,runs_2nd_split,True,False,True,False
gcn_True_True_False_True_20251211_060313,gcn,/Users/elimeyers/ribozyme/results/runs/runs_2nd_split/gcn_True_True_False_True_20251211_060313,0.4171,0.8469,0.8421,0.66,0.68,0.86,0.69,0.95,,0.69,0.58,0.75,0.56,0.94,,0.62,0.82,1.0,0.9,0.96,,219.0,17.0,15.0,50.0,302.0,,0.68,0.77,0.87,0.67,0.94,0.96,0.92,0.62,0.93,0.88,0.8,0.9,1.0,,,,0.65,0.64,0.83,0.52,0.93,0.92,0.88,0.82,0.97,0.83,0.76,0.86,1.0,,,,0.71,0.95,0.91,0.92,0.95,1.0,0.95,0.5,0.9,0.93,0.85,0.93,1.0,,,,93.0,19.0,70.0,13.0,364.0,72.0,63.0,266.0,234.0,185.0,26.0,61.0,47.0,,,,0.94,0.9,0.99,98.0,0.83,0.79,0.88,2214.0,0.84,0.85,0.85,2214.0,runs_2nd_split,True,True,False,True
gin_True_True_False_True_20251211_004355,gin,/Users/elimeyers/ribozyme/results/runs/runs_2nd_split/gin_True_True_False_True_20251211_004355,0.3022,0.9268,0.9269,0.81,0.89,0.91,0.86,0.99,,0.83,0.84,0.83,0.8,0.98,,0.79,0.94,1.0,0.94,0.99,,219.0,17.0,15.0,50.0,302.0,,0.87,0.92,0.91,0.86,0.97,0.99,0.97,0.82,0.96,0.96,0.9,0.95,0.99,,,,0.92,0.9,0.91,0.8,0.98,0.99,1.0,0.81,0.98,0.97,0.92,0.94,0.98,,,,0.83,0.95,0.91,0.92,0.97,1.0,0.94,0.83,0.95,0.96,0.88,0.97,1.0,,,,93.0,19.0,70.0,13.0,364.0,72.0,63.0,266.0,234.0,185.0,26.0,61.0,47.0,,,,0.98,0.97,0.99,98.0,0.92,0.91,0.93,2214.0,0.93,0.93,0.93,2214.0,runs_2nd_split,True,True,False,True
gin_True_False_True_True_20251211_035258,gin,/Users/elimeyers/ribozyme/results/runs/runs_2nd_split/gin_True_False_True_True_20251211_035258,0.3813,0.878,0.876,0.71,0.76,0.9,0.82,0.96,,0.79,0.61,0.88,0.74,0.94,,0.65,1.0,0.93,0.92,0.97,,219.0,17.0,15.0,50.0,302.0,,0.74,0.97,0.9,0.85,0.94,0.93,0.96,0.72,0.96,0.91,0.84,0.85,0.97,,,,0.71,0.95,0.88,0.85,0.92,0.89,0.98,0.76,1.0,0.89,1.0,0.78,0.94,,,,0.76,1.0,0.91,0.85,0.96,0.99,0.94,0.68,0.92,0.92,0.73,0.93,1.0,,,,93.0,19.0,70.0,13.0,364.0,72.0,63.0,266.0,234.0,185.0,26.0,61.0,47.0,,,,0.97,0.95,0.99,98.0,0.88,0.87,0.9,2214.0,0.88,0.88,0.88,2214.0,runs_2nd_split,True,False,True,True
gat_True_False_False_False_20251211_132438,gat,/Users/elimeyers/ribozyme/results/runs/gnn_seq_baseline/gat_seq_only_20251211_132438/gat_True_False_False_False_20251211_132438,2.271,0.3406,0.3265,0.13,0.16,0.29,0.25,0.37,,0.18,0.11,0.26,0.28,0.42,,0.11,0.29,0.33,0.22,0.33,,219.0,17.0,15.0,50.0,302.0,,0.02,0.17,0.45,0.09,0.44,0.43,0.08,0.26,0.55,0.29,0.11,0.31,0.34,,,,0.14,0.1,0.34,0.05,0.4,0.4,0.19,0.69,0.55,0.39,0.08,0.3,0.26,,,,0.01,0.68,0.69,0.31,0.48,0.47,0.05,0.16,0.55,0.23,0.15,0.31,0.47,,,,93.0,19.0,70.0,13.0,364.0,72.0,63.0,266.0,234.0,185.0,26.0,61.0,47.0,,,,0.43,0.3,0.76,98.0,0.27,0.29,0.35,2214.0,0.33,0.39,0.34,2214.0,gnn_seq_baseline/gat_seq_only_20251211_132438,True,False,False,False
gcn_False_False_False_True_20251211_053800,gcn,/Users/elimeyers/ribozyme/results/runs/runs_2nd_split/gcn_False_False_False_True_20251211_053800,1.44,0.5456,0.5424,0.08,0.14,0.31,0.3,0.63,,0.4,0.09,0.2,0.2,0.72,,0.05,0.29,0.73,0.56,0.57,,219.0,17.0,15.0,50.0,302.0,,0.27,0.23,0.57,0.23,0.84,0.68,0.55,0.24,0.77,0.72,0.37,0.35,0.96,,,,0.28,0.14,0.63,0.14,0.82,0.81,0.46,0.52,0.8,0.86,0.27,0.23,0.92,,,,0.27,0.74,0.51,0.69,0.87,0.58,0.68,0.16,0.73,0.62,0.58,0.74,1.0,,,,93.0,19.0,70.0,13.0,364.0,72.0,63.0,266.0,234.0,185.0,26.0,61.0,47.0,,,,0.56,0.48,0.66,98.0,0.46,0.47,0.58,2214.0,0.54,0.62,0.55,2214.0,runs_2nd_split,False,False,False,True
gin_True_False_False_True_20251211_043657,gin,/Users/elimeyers/ribozyme/results/runs/runs_2nd_split/gin_True_False_False_True_20251211_043657,0.3752,0.8654,0.8608,0.68,0.77,0.88,0.82,0.94,,0.7,0.68,0.79,0.78,0.93,,0.66,0.88,1.0,0.86,0.96,,219.0,17.0,15.0,50.0,302.0,,0.71,0.97,0.85,0.75,0.94,0.98,0.98,0.64,0.94,0.91,0.81,0.97,0.98,,,,0.77,0.95,0.8,0.63,0.91,0.97,0.98,0.74,0.96,0.86,0.79,0.97,0.98,,,,0.66,1.0,0.9,0.92,0.97,0.99,0.97,0.56,0.93,0.96,0.85,0.97,0.98,,,,93.0,19.0,70.0,13.0,364.0,72.0,63.0,266.0,234.0,185.0,26.0,61.0,47.0,,,,0.95,0.91,0.98,98.0,0.87,0.85,0.89,2214.0,0.86,0.86,0.87,2214.0,runs_2nd_split,True,False,False,True
seq_transformer,seq_transformer,/Users/elimeyers/ribozyme/results/runs/seq_transformer,1.3123232351301377,0.8143631436314364,0.8141244209538872,,,,,,,,,,,,,,,,,,,,,,,,,,,,,,,,,,,,,,,,,,,,,,,,,,,,,,,,,,,,,,,,,,,,,,,,,,,,,,,,,,,,,,,,,,,,,0.8141244209538872,0.8143631436314364,0.8143631436314364,,0.8141244209538872,0.8143631436314364,0.8143631436314364,,,,,,
gin_False_False_True_False_20251211_033520,gin,/Users/elimeyers/ribozyme/results/runs/runs_2nd_split/gin_False_False_True_False_20251211_033520,1.4048,0.4503,0.4511,0.14,0.14,0.58,0.26,0.52,,0.39,0.1,0.43,0.27,0.58,,0.08,0.24,0.87,0.26,0.47,,219.0,17.0,15.0,50.0,302.0,,0.31,0.58,0.48,0.06,0.56,0.91,0.8,0.13,0.84,0.33,0.09,0.45,0.63,,,,0.35,0.42,0.35,0.03,0.78,0.87,0.77,0.4,0.87,0.28,0.06,0.36,0.46,,,,0.28,0.95,0.76,0.46,0.44,0.94,0.84,0.08,0.8,0.39,0.31,0.57,1.0,,,,93.0,19.0,70.0,13.0,364.0,72.0,63.0,266.0,234.0,185.0,26.0,61.0,47.0,,,,0.45,0.39,0.54,98.0,0.43,0.43,0.54,2214.0,0.45,0.54,0.45,2214.0,runs_2nd_split,False,False,True,False
gat_True_True_True_False_20251211_041040,gat,/Users/elimeyers/ribozyme/results/runs/runs_2nd_split/gat_True_True_True_False_20251211_041040,0.6752,0.7389,0.7311,0.51,0.54,0.72,0.49,0.84,,0.67,0.4,0.58,0.46,0.88,,0.41,0.82,0.93,0.52,0.8,,219.0,17.0,15.0,50.0,302.0,,0.51,0.57,0.82,0.37,0.89,0.88,0.9,0.47,0.86,0.77,0.56,0.67,0.9,,,,0.56,0.4,0.82,0.23,0.85,0.79,0.96,0.71,0.87,0.79,0.4,0.55,0.82,,,,0.46,1.0,0.83,0.92,0.94,0.99,0.84,0.35,0.85,0.76,0.92,0.85,1.0,,,,93.0,19.0,70.0,13.0,364.0,72.0,63.0,266.0,234.0,185.0,26.0,61.0,47.0,,,,0.8,0.68,0.98,98.0,0.69,0.65,0.8,2214.0,0.73,0.76,0.74,2214.0,runs_2nd_split,True,True,True,False
gin_True_True_True_False_20251211_022557,gin,/Users/elimeyers/ribozyme/results/runs/runs_2nd_split/gin_True_True_True_False_20251211_022557,0.3689,0.883,0.8821,0.75,0.76,0.79,0.74,0.95,,0.83,0.76,0.65,0.61,0.92,,0.69,0.76,1.0,0.92,0.97,,219.0,17.0,15.0,50.0,302.0,,0.74,0.95,0.91,0.81,0.96,0.97,0.97,0.72,0.94,0.9,0.87,0.92,0.99,,,,0.68,0.9,0.89,0.68,0.97,0.95,1.0,0.79,0.96,0.9,0.85,0.88,0.98,,,,0.81,1.0,0.93,1.0,0.95,0.99,0.94,0.67,0.92,0.9,0.88,0.97,1.0,,,,93.0,19.0,70.0,13.0,364.0,72.0,63.0,266.0,234.0,185.0,26.0,61.0,47.0,,,,0.97,0.95,0.99,98.0,0.87,0.85,0.91,2214.0,0.88,0.89,0.88,2214.0,runs_2nd_split,True,True,True,False
gat_False_False_True_False_20251211_055516,gat,/Users/elimeyers/ribozyme/results/runs/runs_2nd_split/gat_False_False_True_False_20251211_055516,2.7572,0.2005,0.0898,0.0,0.0,0.22,0.0,0.1,,0.0,0.0,0.15,0.0,0.94,,0.0,0.0,0.4,0.0,0.05,,219.0,17.0,15.0,50.0,302.0,,0.02,0.0,0.0,0.0,0.3,0.19,0.63,0.0,0.0,0.0,0.0,0.0,0.0,,,,0.5,0.0,0.0,0.0,0.18,0.67,0.53,0.0,0.0,0.0,0.0,0.0,0.0,,,,0.01,0.0,0.0,0.0,1.0,0.11,0.78,0.0,0.0,0.0,0.0,0.0,0.0,,,,93.0,19.0,70.0,13.0,364.0,72.0,63.0,266.0,234.0,185.0,26.0,61.0,47.0,,,,0.0,0.0,0.0,98.0,0.08,0.16,0.12,2214.0,0.09,0.22,0.2,2214.0,runs_2nd_split,False,False,True,False
gcn_True_False_False_False_20251211_022806,gcn,/Users/elimeyers/ribozyme/results/runs/runs_2nd_split/gcn_True_False_False_False_20251211_022806,1.1011,0.5899,0.5918,0.3,0.26,0.51,0.37,0.7,,0.61,0.15,0.38,0.29,0.72,,0.2,0.76,0.8,0.52,0.68,,219.0,17.0,15.0,50.0,302.0,,0.39,0.4,0.71,0.62,0.73,0.8,0.68,0.37,0.86,0.45,0.28,0.57,0.89,,,,0.44,0.26,0.65,0.62,0.83,0.7,0.68,0.57,0.93,0.41,0.17,0.45,0.86,,,,0.35,0.95,0.79,0.62,0.65,0.94,0.68,0.27,0.8,0.5,0.77,0.79,0.91,,,,93.0,19.0,70.0,13.0,364.0,72.0,63.0,266.0,234.0,185.0,26.0,61.0,47.0,,,,0.7,0.59,0.85,98.0,0.56,0.54,0.68,2214.0,0.59,0.65,0.59,2214.0,runs_2nd_split,True,False,False,False
gin_20251210_000555,gin,/Users/elimeyers/ribozyme/results/runs/gin_20251210_000555,1.1332,0.9133,0.9128,0.77,0.86,0.87,0.85,0.98,0.8,0.81,0.83,0.87,0.8,0.98,1.0,0.74,0.88,0.87,0.9,0.99,0.67,219.0,17.0,15.0,50.0,302.0,6.0,0.82,0.95,0.97,1.0,0.96,0.97,0.98,0.81,0.94,0.92,0.82,0.98,1.0,1.0,1.0,0.0,0.85,0.9,0.99,1.0,0.96,0.95,1.0,0.78,0.99,0.89,0.87,0.97,1.0,1.0,1.0,0.0,0.8,1.0,0.96,1.0,0.96,1.0,0.97,0.83,0.91,0.96,0.77,0.98,1.0,1.0,1.0,0.0,93.0,19.0,70.0,13.0,364.0,72.0,63.0,266.0,234.0,185.0,26.0,61.0,47.0,2.0,4.0,1.0,0.98,0.95,1.0,98.0,0.88,0.89,0.88,2227.0,0.91,0.91,0.91,2227.0,,,,,
gin_False_False_True_True_20251211_033049,gin,/Users/elimeyers/ribozyme/results/runs/runs_2nd_split/gin_False_False_True_True_20251211_033049,0.5495,0.7782,0.7782,0.53,0.45,0.65,0.55,0.9,,0.7,0.31,0.5,0.4,0.91,,0.42,0.88,0.93,0.84,0.88,,219.0,17.0,15.0,50.0,302.0,,0.68,0.57,0.85,0.5,0.92,0.95,0.91,0.54,0.9,0.76,0.52,0.84,1.0,,,,0.67,0.4,0.82,0.35,0.9,0.95,0.92,0.67,0.92,0.85,0.37,0.77,1.0,,,,0.69,1.0,0.87,0.85,0.93,0.96,0.9,0.45,0.88,0.69,0.88,0.92,1.0,,,,93.0,19.0,70.0,13.0,364.0,72.0,63.0,266.0,234.0,185.0,26.0,61.0,47.0,,,,0.89,0.82,0.96,98.0,0.73,0.7,0.84,2214.0,0.78,0.81,0.78,2214.0,runs_2nd_split,False,False,True,True
gat_False_False_False_True_20251211_051117,gat,/Users/elimeyers/ribozyme/results/runs/runs_2nd_split/gat_False_False_False_True_20251211_051117,2.9955,0.1626,0.1298,0.0,0.0,0.0,0.0,0.06,,0.0,0.0,0.0,0.0,0.22,,0.0,0.0,0.0,0.0,0.04,,219.0,17.0,15.0,50.0,302.0,,0.0,0.0,0.0,0.0,0.67,0.11,0.04,0.0,0.05,0.0,0.0,0.05,0.0,,,,0.0,0.0,0.0,0.0,0.6,0.06,0.02,0.0,0.08,0.0,0.0,0.03,0.0,,,,0.0,0.0,0.0,0.0,0.75,0.78,0.11,0.0,0.03,0.0,0.0,0.1,0.0,,,,93.0,19.0,70.0,13.0,364.0,72.0,63.0,266.0,234.0,185.0,26.0,61.0,47.0,,,,0.0,0.0,0.0,98.0,0.05,0.05,0.1,2214.0,0.13,0.14,0.16,2214.0,runs_2nd_split,False,False,False,True
gat_False_True_False_False_20251211_052524,gat,/Users/elimeyers/ribozyme/results/runs/runs_2nd_split/gat_False_True_False_False_20251211_052524,0.9918,0.6906,0.6869,0.43,0.32,0.45,0.4,0.83,,0.45,0.21,0.3,0.35,0.84,,0.4,0.65,0.93,0.46,0.81,,219.0,17.0,15.0,50.0,302.0,,0.43,0.44,0.8,0.55,0.89,0.94,0.86,0.33,0.85,0.7,0.39,0.62,0.99,,,,0.44,0.3,0.83,0.45,0.86,0.96,0.86,0.52,0.87,0.8,0.28,0.52,0.98,,,,0.42,0.84,0.77,0.69,0.91,0.93,0.86,0.24,0.83,0.62,0.62,0.79,1.0,,,,93.0,19.0,70.0,13.0,364.0,72.0,63.0,266.0,234.0,185.0,26.0,61.0,47.0,,,,0.82,0.73,0.95,98.0,0.63,0.61,0.72,2214.0,0.69,0.71,0.69,2214.0,runs_2nd_split,False,True,False,False
gat_True_False_False_True_20251211_013934,gat,/Users/elimeyers/ribozyme/results/runs/runs_2nd_split/gat_True_False_False_True_20251211_013934,1.2981,0.5556,0.5565,0.24,0.15,0.58,0.51,0.58,,0.32,0.08,0.78,0.69,0.75,,0.19,0.59,0.47,0.4,0.48,,219.0,17.0,15.0,50.0,302.0,,0.24,0.68,0.63,0.36,0.81,0.53,0.67,0.38,0.8,0.54,0.31,0.48,0.59,,,,0.34,0.64,0.79,0.27,0.81,0.36,0.55,0.6,0.85,0.78,0.2,0.36,0.42,,,,0.18,0.74,0.53,0.54,0.81,1.0,0.86,0.28,0.75,0.41,0.69,0.74,0.98,,,,93.0,19.0,70.0,13.0,364.0,72.0,63.0,266.0,234.0,185.0,26.0,61.0,47.0,,,,0.56,0.45,0.77,98.0,0.51,0.53,0.6,2214.0,0.56,0.63,0.56,2214.0,runs_2nd_split,True,False,False,True
gat_True_True_False_True_20251211_030642,gat,/Users/elimeyers/ribozyme/results/runs/runs_2nd_split/gat_True_True_False_True_20251211_030642,0.5595,0.7977,0.7926,0.61,0.58,0.75,0.68,0.89,,0.6,0.46,0.6,0.61,0.89,,0.62,0.76,1.0,0.78,0.88,,219.0,17.0,15.0,50.0,302.0,,0.59,0.75,0.86,0.67,0.9,0.97,0.87,0.55,0.89,0.85,0.67,0.8,0.98,,,,0.54,0.59,0.87,0.52,0.91,0.96,0.91,0.82,0.88,0.81,0.59,0.69,0.96,,,,0.65,1.0,0.84,0.92,0.89,0.97,0.83,0.41,0.91,0.88,0.77,0.95,1.0,,,,93.0,19.0,70.0,13.0,364.0,72.0,63.0,266.0,234.0,185.0,26.0,61.0,47.0,,,,0.89,0.85,0.94,98.0,0.77,0.74,0.84,2214.0,0.79,0.81,0.8,2214.0,runs_2nd_split,True,True,False,True
gcn_20251209_210716,gcn,/Users/elimeyers/ribozyme/results/runs/gcn_20251209_210716,0.6793,0.8437,0.8416,0.66,0.71,0.8,0.73,0.93,0.62,0.77,0.6,0.8,0.59,0.94,0.57,0.58,0.88,0.8,0.96,0.93,0.67,219.0,17.0,15.0,50.0,302.0,6.0,0.64,0.79,0.9,0.79,0.92,0.99,0.94,0.65,0.91,0.89,0.84,0.91,0.95,0.8,1.0,0.0,0.62,0.66,0.86,0.65,0.93,0.97,0.95,0.71,0.96,0.89,0.72,0.87,0.9,0.67,1.0,0.0,0.67,1.0,0.94,1.0,0.92,1.0,0.94,0.61,0.87,0.9,1.0,0.97,1.0,1.0,1.0,0.0,93.0,19.0,70.0,13.0,364.0,72.0,63.0,266.0,234.0,185.0,26.0,61.0,47.0,2.0,4.0,1.0,0.91,0.84,0.99,98.0,0.8,0.76,0.85,2227.0,0.84,0.85,0.84,2227.0,,,,,
